time,small_neg_ions,small_pos_ions,intermediate_neg_ions,intermediate_pos_ions,large_neg_ions,large_pos_ions,T_air[C],RH[%%],Rain_acc[mm],WD_ave[Deg],WS_ave[m/s]
2024-05-17 00:00:00,,,,,,,14.9,68.9,0.0,178.1,1.7
2024-05-17 01:00:00,,,,,,,15.7,57.8,0.0,183.0,2.7
2024-05-17 02:00:00,,,,,,,15.4,56.7,0.0,194.6,1.8
2024-05-17 03:00:00,,,,,,,14.0,66.5,0.0,191.6,1.5
2024-05-17 04:00:00,,,,,,,12.5,74.9,0.0,23.5,0.3
2024-05-17 05:00:00,,,,,,,13.9,69.0,0.0,208.4,1.1
2024-05-17 06:00:00,,,,,,,17.0,61.5,0.0,181.7,0.6
2024-05-17 07:00:00,,,,,,,19.6,52.7,0.0,23.5,0.6
2024-05-17 08:00:00,1070.70793041428,1481.15961973771,71.2857300650918,74.1585600711945,132.190822175686,83.2583178477031,21.2,41.6,0.0,191.7,0.6
2024-05-17 09:00:00,1180.17737495263,1496.36712856642,94.2369828066595,94.2511528931442,128.279268907048,94.6495165170039,22.2,34.9,0.0,191.4,2.0
2024-05-17 10:00:00,779.198876139679,1080.4768168192,138.361725024006,145.901752421432,837.211973249262,805.460557218208,22.2,37.3,0.0,332.1,2.1
2024-05-17 11:00:00,1148.77386916441,1247.26861027222,91.174392681663,91.7702814309562,677.165160098097,616.972001090916,22.9,35.7,0.0,221.2,1.4
2024-05-17 12:00:00,1347.88916650221,1366.01164191961,53.008346980051,49.7165980425413,110.725847753099,87.6838281462015,22.9,32.7,0.0,280.4,1.1
2024-05-17 13:00:00,1317.24419038707,1074.66458492059,125.047615240793,107.631962944244,698.605400137484,611.987569721425,24.3,26.9,0.0,224.8,2.0
2024-05-17 14:00:00,1403.56548426876,1369.61570820632,44.9082184289011,36.8016647670647,94.3815021258938,58.5759954563185,23.8,27.2,0.0,225.9,1.9
2024-05-17 15:00:00,1118.60350772972,1460.75812176454,81.5933603694454,85.6190482641178,202.819203150259,163.640524558724,25.1,23.4,0.0,278.3,2.1
2024-05-17 16:00:00,1293.09688886896,1449.38980418857,93.9737630879231,53.3432217442093,199.427650894285,150.835122348454,25.2,25.2,0.0,197.9,2.8
2024-05-17 17:00:00,1290.58162298871,1350.7817420122,126.273394961246,90.2203478747173,339.118768737794,295.356697868577,23.8,27.9,0.0,201.2,3.0
2024-05-17 18:00:00,1100.77378973997,1099.99156464873,171.424892654992,147.08443370553,1003.40677661463,941.84058614764,22.6,33.1,0.0,251.6,0.3
2024-05-17 19:00:00,1053.79735387271,1404.32285266396,154.298031287047,81.1469268543585,591.065669901345,581.927042623178,21.6,33.7,0.0,205.1,2.7
2024-05-17 20:00:00,1279.74831020466,1407.781097966,96.6887469775629,40.4737940938557,309.663664436055,266.298384925878,20.4,38.5,0.0,204.6,3.5
2024-05-17 21:00:00,1275.57757340603,1530.30925604529,127.506711424979,46.6316073281479,354.989667783074,330.499120798288,19.6,39.0,0.0,216.2,3.9
2024-05-17 22:00:00,1351.63715986045,1439.47474436516,93.4021433765416,25.9835115935216,171.145882283518,142.205375821833,18.3,43.7,0.0,203.4,3.2
2024-05-17 23:00:00,1378.32187669706,1485.78175988677,151.155102879389,45.4338843501726,273.351868235894,240.549527436069,18.4,44.8,0.0,196.5,2.3
2024-05-20 00:00:00,,,,,,,16.9,75.0,0.0,27.3,0.3
2024-05-20 01:00:00,,,,,,,16.6,76.6,0.0,359.5,1.2
2024-05-20 02:00:00,,,,,,,16.7,76.4,0.0,184.9,1.3
2024-05-20 03:00:00,,,,,,,17.3,76.8,0.01,168.2,2.3
2024-05-20 04:00:00,,,,,,,17.4,82.8,0.0,22.5,0.4
2024-05-20 05:00:00,,,,,,,18.4,77.5,0.0,130.7,0.4
2024-05-20 06:00:00,,,,,,,21.0,62.8,0.0,113.9,1.2
2024-05-20 07:00:00,,,,,,,21.5,57.3,0.0,53.5,1.0
2024-05-20 08:00:00,,,,,,,22.6,58.7,0.0,88.4,1.8
2024-05-20 09:00:00,,,,,,,23.3,54.9,0.0,84.9,2.4
2024-05-20 10:00:00,1132.00097330279,638.418737929969,55.8416218247843,23.2266756396413,569.879595585837,522.966490776766,24.0,52.0,0.0,79.3,1.8
2024-05-20 11:00:00,921.66405969214,537.92772562607,34.9939592971409,9.89000384027064,281.021849104641,223.424025497019,23.8,53.0,0.0,83.7,3.2
2024-05-20 12:00:00,943.407308650995,550.948579842196,47.4140740675328,21.2157383548357,827.931131889865,914.329942758501,23.1,59.3,0.0,90.1,2.5
2024-05-20 13:00:00,1791.04323217876,459.921667475158,84.2272913099777,54.5285248855485,370.268010047055,277.26732456275,22.1,60.0,0.0,80.4,2.8
2024-05-20 14:00:00,655.822504005086,757.726152226739,141.816331527563,111.885089839043,460.59819637383,498.910677843203,20.0,76.9,0.0,82.2,2.3
2024-05-20 15:00:00,1500.24282843381,782.790628265369,169.183978772086,74.7211615805531,378.862477240564,329.159237171331,18.7,81.9,0.02,78.7,2.7
2024-05-20 16:00:00,775.052775957726,779.317870810667,70.8603135998802,53.3822103617765,309.525705204904,338.103948155937,18.6,84.1,0.0,69.7,2.1
2024-05-20 17:00:00,748.970453792683,632.119499191124,62.3536247884297,46.5526431184632,320.702909774963,342.335412044055,18.4,85.3,0.0,38.1,1.6
2024-05-20 18:00:00,882.11595330618,1048.60748978516,184.433085595839,78.4949068671405,405.800040042688,352.058862186394,18.2,82.8,0.0,63.2,1.1
2024-05-20 19:00:00,266.120594534908,767.692522132429,614.953901021635,185.335448591369,833.613178275876,621.526115682227,17.9,85.1,0.09,73.9,1.2
2024-05-20 20:00:00,903.099293100954,188.517639122682,1126.45767956328,414.748147628424,723.291341949119,690.323979396668,17.9,86.9,0.08,84.4,1.5
2024-05-20 21:00:00,891.393788271504,276.777791662652,288.930212956701,88.4446434623733,417.768356618832,459.509004321003,17.7,87.2,0.14,50.9,2.5
2024-05-20 22:00:00,1025.97934452667,538.193242110352,41.6675721843986,24.5464387101689,309.428185907447,300.08020888659,17.1,87.0,0.0,63.9,1.7
2024-05-20 23:00:00,924.487495927163,542.9633682679,33.9432683219515,18.6472213107453,264.973949699923,396.809341432761,17.0,87.2,0.0,65.5,1.5
2024-05-30 00:00:00,1177.38942884826,1379.18472422067,53.1554007356232,37.9167910257365,267.384755044699,227.713053216165,19.5,57.8,0.0,193.9,1.8
2024-05-30 01:00:00,1045.07339211103,1405.32515399033,69.3137745973193,53.132862327157,426.675251334983,430.891853597566,20.2,55.1,0.0,199.5,2.2
2024-05-30 02:00:00,1119.57463253122,1331.09944643939,76.3598517006084,65.8225049655486,433.875861347343,407.34734191872,21.6,51.7,0.0,217.0,2.3
2024-05-30 03:00:00,736.170197012517,985.942801470913,45.52309495506,42.8188676984524,1567.23851821687,1614.89472062849,23.0,50.6,0.0,239.4,0.9
2024-05-30 04:00:00,585.607118989492,1001.50428627413,206.965442116073,233.176116900347,1663.80013151782,1657.73959146725,24.3,46.9,0.0,324.6,1.2
2024-05-30 05:00:00,480.458339321604,737.047379415077,282.598966361445,304.021943753077,2180.75535940247,2169.93540433673,24.7,40.2,0.0,360.0,1.4
2024-05-30 06:00:00,390.342537665337,617.508989801644,112.773002593062,123.257599686165,1843.16489513763,2041.83067837094,24.4,42.1,0.0,348.2,2.7
2024-05-30 07:00:00,647.909781616386,732.197107059697,38.7426767167368,22.6212794577323,1005.16814729097,1084.72208457659,25.2,44.3,0.0,340.9,1.7
2024-05-30 08:00:00,725.937907653054,816.483303801963,18.1258241889974,7.84477654130088,250.821016908388,252.240771258895,25.8,47.2,0.0,336.4,2.6
2024-05-30 09:00:00,919.724397510072,199.959002252515,37.4587808490041,12.3702766930449,256.894499320868,221.940383828992,23.9,57.0,0.0,8.7,1.8
2024-05-30 10:00:00,507.451695847022,802.664805421144,41.4686470667288,31.6784208909591,513.729410925027,497.360031278885,22.4,60.9,0.0,13.8,1.6
2024-05-30 11:00:00,1083.82815773807,207.412184361137,68.2822102566705,36.5927488418219,608.94846421091,533.27260149977,23.1,59.8,0.0,52.4,1.3
2024-05-30 12:00:00,760.730064870716,678.039414582231,45.9302706613794,39.0855051621979,295.276414266475,310.805292150487,22.9,61.9,0.0,64.3,2.1
2024-05-30 13:00:00,687.596637133034,919.442093755592,64.5767488867196,40.3385124886974,332.725354737331,368.228866744288,21.0,72.3,0.0,56.0,2.4
2024-05-30 14:00:00,1193.5665384801,1452.57396328695,68.5093296592069,42.8160500989112,325.633989214285,355.990546300863,20.5,64.8,0.01,221.3,0.8
2024-05-30 15:00:00,1269.64698630233,694.739898307546,66.4829436356927,40.8771668081499,37540.5335165048,668.29488665807,19.9,72.6,0.0,90.0,0.6
2024-05-30 16:00:00,442.835727158448,696.954130270163,42.0724614289307,46.8392182169333,34296.4890524003,779.260723345677,19.1,77.9,0.0,358.9,1.0
2024-05-30 17:00:00,582.243913555732,684.181120519212,26.5783818408893,26.4860479615937,36472.1701944397,1288.9552335695,18.7,81.5,0.0,238.6,1.1
2024-05-30 18:00:00,599.093194004565,578.619882071631,15.6299490900164,18.0832861468008,38006.7482968156,2495.91321007614,17.7,84.5,0.0,244.1,1.6
2024-05-30 19:00:00,710.112292134155,675.435247021576,14.9209220802255,12.4102724726822,19934.203405252,469.476001101245,17.7,86.0,0.0,248.5,0.5
2024-05-30 20:00:00,517.664185012855,555.543907534117,9.0368847084289,8.5882973111861,24820.1088483354,294.978263295981,17.5,86.9,0.0,312.2,0.9
2024-05-30 21:00:00,449.518266205604,623.074279566897,22.4181468410283,18.6768320997135,28126.7883194055,437.83254268776,17.4,87.0,0.0,161.8,0.3
2024-05-30 22:00:00,550.391861817257,577.04644410472,30.2735355397229,31.84226957464,29127.547125607,394.843556795492,17.5,85.5,0.0,58.8,0.8
2024-05-30 23:00:00,815.682057802804,626.598558315916,38.1188084097847,27.2290548065445,15250.8437429662,392.977274630714,17.2,86.0,0.0,74.1,1.1
2024-05-31 00:00:00,1217.83820262405,703.279557200447,140.577677617291,129.837638575432,10787.2457707226,896.727886808715,18.2,79.0,0.0,247.6,0.5
2024-05-31 01:00:00,1341.75987702437,935.445735176812,500.628808679406,442.065933818125,1622.11513225347,924.466944942179,16.1,75.0,0.0,234.4,3.7
2024-05-31 02:00:00,991.067329139207,424.715599592595,424.791427100507,368.211647356511,5961.02830026663,2511.38592218905,16.1,77.4,0.01,227.1,3.6
2024-05-31 03:00:00,746.915818827195,818.695166738374,463.000328431925,475.81989348437,3223.25658250831,2227.25535868485,17.8,71.8,0.0,282.9,1.2
2024-05-31 04:00:00,620.665007666893,823.61362136777,632.771651296689,704.38501007901,2524.32427430715,2551.24639142227,18.2,67.0,0.0,257.9,1.8
2024-05-31 05:00:00,326.322420232057,500.712570289111,329.379777699812,367.076430378247,3675.68012102384,3037.31346932492,19.0,60.2,0.0,258.5,2.7
2024-05-31 06:00:00,1355.42876368317,109.413354914496,222.632513839972,67.3928417038624,1785.61265396389,1912.30823672934,20.4,50.5,0.0,283.9,4.5
2024-05-31 07:00:00,952.227332611801,129.502449135211,272.716995493782,133.436097940024,1892.7428590237,2331.70990669695,18.4,59.1,0.06,232.3,2.1
2024-05-31 08:00:00,191.757917567134,683.991319243628,55.6229619353417,66.849858527336,1422.87503051225,1267.63219042376,16.6,75.6,0.01,190.3,1.5
2024-05-31 09:00:00,2247.75576232749,1441.39491702522,95.7325137095868,67.8880016179842,1657.20428717303,877.795161575826,16.8,72.7,0.0,186.8,2.1
2024-05-31 10:00:00,338.218217144115,417.695749749398,176.026295662185,175.36116184687,3945.94769122171,2171.55197192358,17.9,64.5,0.01,190.9,3.0
2024-05-31 11:00:00,1555.70821416797,1606.11415715101,102.880181745977,90.9671979155805,1946.83890840328,1400.49916638509,16.0,66.9,0.0,237.0,1.6
2024-05-31 12:00:00,1023.41054682432,1159.54153571365,125.509402212687,136.149008183226,1816.66084529777,1077.56140474916,17.2,64.7,0.0,191.8,1.3
2024-05-31 13:00:00,839.68839704637,1132.59589909207,197.353321846249,221.926441582042,1437.99044800109,1256.35190781633,17.7,58.2,0.0,200.6,2.5
2024-05-31 14:00:00,805.057931767559,1198.98600531594,168.337386091759,130.799559262594,1321.75835215093,1271.65194660905,17.1,57.6,0.0,194.9,2.0
2024-05-31 15:00:00,1030.66973208216,1501.49932797151,145.798545846995,76.4871030014888,627.322965768267,796.997087001899,16.1,58.7,0.0,189.6,1.1
2024-05-31 16:00:00,1247.09911358544,1678.36537128241,177.116796452129,73.2116034453972,804.112568102372,686.311986355576,15.5,58.8,0.0,195.6,1.6
2024-05-31 17:00:00,1380.05679236794,1715.95672714767,189.687932289235,76.4485745733055,567.708922764722,529.493591491788,15.6,56.1,0.0,197.3,2.3
2024-05-31 18:00:00,1215.99328710397,1628.19973138366,148.2551115284,68.2518183225193,658.620085674384,572.770825895332,15.1,60.9,0.0,329.5,0.4
2024-05-31 19:00:00,1311.19486024575,1928.37829563985,191.174983961498,68.3064608217741,292.382559655909,400.431985285179,15.1,55.1,0.0,190.7,1.4
2024-05-31 20:00:00,1526.011251567,1815.62276547093,155.717145784762,59.1722334256539,409.316239804554,374.978415206336,15.3,52.5,0.0,193.7,3.2
2024-05-31 21:00:00,1128.66079045945,1680.35418790227,138.318516518202,55.816058634524,693.761035462107,631.285840185471,14.7,55.0,0.0,211.2,1.4
2024-05-31 22:00:00,1298.73906185232,1578.73008940633,101.221782631159,37.3395924056671,393.33221225635,275.063603654412,13.9,59.2,0.0,172.5,1.3
2024-05-31 23:00:00,1218.23999424991,1494.92976174991,49.2954510630566,28.2143788366377,301.298628609764,234.669701452531,15.5,52.2,0.0,188.7,2.0
2024-06-04 00:00:00,944.033181135602,1333.69078569384,109.913197692834,109.878188279905,498.197795029006,467.051301478861,17.8,61.7,0.0,207.1,2.6
2024-06-04 01:00:00,826.633935634738,1286.57395924791,213.62949849829,237.811276449465,796.835056775678,562.346121859224,19.5,56.5,0.0,208.6,2.3
2024-06-04 02:00:00,557.4878156241,889.55691850023,346.415270801477,397.201164707661,1782.87146745051,1523.10546791206,22.0,47.3,0.0,215.0,0.7
2024-06-04 03:00:00,455.881706813719,760.066076561334,125.64273891847,135.635765772651,2158.64287956094,2090.56147247357,22.8,45.1,0.0,220.5,1.1
2024-06-04 04:00:00,433.567737492736,692.16927567477,111.904700351748,115.762408587066,1325.68798411169,1337.37064070507,23.4,45.2,0.0,11.3,1.2
2024-06-04 05:00:00,353.096137353761,698.920046884524,68.7714991256533,65.1338920424514,1021.45678788867,747.587028632717,25.1,42.1,0.0,62.8,1.7
2024-06-04 06:00:00,367.696639725883,705.783216237498,62.3415811354693,58.5783045521576,1444.55868226694,694.104916673192,26.0,39.7,0.0,83.4,2.0
2024-06-04 07:00:00,556.280956390687,732.972860553556,30.1030063163339,14.8434081592301,510.324456454838,524.185169742041,26.4,39.5,0.0,107.0,1.1
2024-06-04 08:00:00,516.762633143286,672.645258757187,14.4415121561428,7.36887242714916,610.88689339987,343.426419543335,26.1,40.3,0.0,83.5,2.2
2024-06-04 09:00:00,401.323838270311,763.780730055978,386.173079210702,119.404758474698,956.345320571096,581.681617771411,26.0,40.2,0.0,72.4,1.6
2024-06-04 10:00:00,963.259518728731,177.648698756199,72.9311553832143,50.47168603662,8810.61798342271,566.765365249526,23.1,61.2,0.0,58.0,2.6
2024-06-04 11:00:00,1002.11339265364,112.789264611466,47.0619070012249,19.0706820906284,3020.48032242724,440.649398248891,22.4,61.4,0.0,148.9,1.2
2024-06-04 12:00:00,790.280403611374,915.220816524343,56.4393875018416,66.4310527921014,7738.94615547303,908.214021953114,22.2,62.6,0.0,82.5,0.3
2024-06-04 13:00:00,774.142745522753,951.862124912254,45.9752000923476,50.4535390133942,7248.831423756,688.856104836934,21.9,65.0,0.0,60.2,0.9
2024-06-04 14:00:00,642.625677455829,784.737359170391,51.174554006224,38.4094623200498,6956.78779047923,750.849537624902,21.4,67.3,0.0,98.1,0.6
2024-06-04 15:00:00,728.170085973125,905.320936882708,40.10940276587,24.1898801772487,2548.23369746356,591.513138198895,20.8,67.3,0.0,85.3,1.0
2024-06-04 16:00:00,847.918009781135,960.26414006021,66.0181746311163,32.7880360637096,4064.66307456437,768.799122386558,19.8,72.6,0.0,353.6,0.3
2024-06-04 17:00:00,1133.81261615673,1141.91989818982,59.2249893265179,25.4782720354752,740.620495290669,492.650583805761,19.7,67.9,0.0,223.2,1.5
2024-06-04 18:00:00,1200.00591477795,1136.69791787068,57.9390577482233,22.3440842650301,518.402746766522,337.264968020724,19.4,64.3,0.0,218.4,2.4
2024-06-04 19:00:00,1443.64820267496,1302.68770161191,72.41539955634,23.4473737834404,502.952262025032,392.744024854185,18.9,64.0,0.0,216.8,1.8
2024-06-04 20:00:00,1443.02673226334,1430.114144897,62.6024541641862,27.7319990922538,488.819391443517,512.263975408408,17.7,66.5,0.0,217.2,0.9
2024-06-04 21:00:00,1520.36802174514,1525.49642430382,91.5831856463185,24.0719445888841,431.15843302353,402.271667434213,17.2,67.9,0.0,240.0,1.0
2024-06-04 22:00:00,1453.34781156482,1526.94738864584,107.330479859666,21.7620350503935,434.694520006278,272.604072231453,17.5,65.6,0.0,204.0,2.1
2024-06-04 23:00:00,1495.176142617,1494.65254784929,104.941482368522,33.9449485460947,502.980692126415,342.658159126565,17.2,66.3,0.0,209.1,1.5
2024-06-08 00:00:00,1063.84755576292,1143.62976267556,98.6641593147133,71.5496043089885,3628.59404141886,343.11969102859,22.3,55.3,0.0,190.7,2.3
2024-06-08 01:00:00,1095.1871278645,1062.66902418658,165.375690288976,139.919839197266,1707.89294359026,257.042903050824,23.3,52.9,0.0,198.0,3.1
2024-06-08 02:00:00,678.466532603032,824.227758508081,212.995319260535,232.126395459944,2929.26266685124,634.023696242495,25.0,52.1,0.0,215.9,3.7
2024-06-08 03:00:00,436.801452282855,613.60942084148,94.31139062225,105.674701185786,6286.27890185799,1524.40461939304,26.0,51.8,0.0,297.1,3.3
2024-06-08 04:00:00,382.975017235115,535.171672953722,41.7841830063204,27.5683120151968,5636.80852283236,849.123676192471,27.8,49.8,0.0,324.6,1.7
2024-06-08 05:00:00,572.218778796228,630.55801849053,34.0414956751366,17.5747599010369,6173.49298387708,271.830697702585,28.1,49.6,0.0,291.7,0.9
2024-06-08 06:00:00,474.881288402749,563.406459988592,26.3938839234388,13.9456200246176,6474.09976966514,320.411262109607,28.1,48.3,0.0,197.9,1.2
2024-06-08 07:00:00,312.670155523198,575.047219100409,27.5631944209919,16.7769774041574,13624.4468638791,384.29499429402,29.5,45.0,0.0,204.5,1.2
2024-06-08 08:00:00,414.558276863303,591.066523641954,19.5105273518193,12.7084209214976,15522.5583616304,459.264647113672,30.5,41.4,0.0,13.4,1.0
2024-06-08 09:00:00,496.209809117885,630.908280076816,16.0914286747725,7.38491081376503,9829.15823190574,236.719121664613,30.2,42.7,0.0,239.2,1.1
2024-06-08 10:00:00,646.658488050811,656.642697169564,20.2777766476131,6.30788085591608,7782.67753382958,172.378545462691,29.9,45.0,0.0,56.2,2.1
2024-06-08 11:00:00,964.606345716308,1039.15081617774,44.3196452305905,10.9157503910908,3048.65683103572,240.2828968754,30.1,38.5,0.0,205.3,2.2
2024-06-08 12:00:00,951.38597953232,1050.97394803722,36.0582414319814,14.124401733773,305.91205703132,209.845483368717,28.7,36.3,0.0,169.2,2.8
2024-06-08 13:00:00,1146.55811698323,895.050284697279,84.7004414851213,48.3709729385321,633.701848827625,374.339123436286,27.6,37.5,0.0,232.0,2.8
2024-06-08 14:00:00,795.110396757311,883.894348139798,80.48495081889,51.5299119859375,18854.6209940661,602.656237712088,26.9,48.1,0.0,197.1,1.4
2024-06-08 15:00:00,762.12326551084,844.025397060535,77.4221103899817,49.2121863955294,7174.33354498805,582.407902859918,26.4,55.2,0.0,208.1,2.2
2024-06-08 16:00:00,863.001971331065,1026.50904847313,65.4538259299747,26.0274569385954,2141.84219026992,384.305331647106,26.1,47.1,0.0,207.2,2.5
2024-06-08 17:00:00,1168.27843895308,1241.64640905654,74.6411038549859,17.7954253734195,466.590019911043,254.576698840475,25.2,43.2,0.0,175.4,2.0
2024-06-08 18:00:00,1306.04781986069,1282.80109298294,75.7610169393834,11.1719513251408,854.444789385651,170.582435804596,24.2,47.2,0.0,177.8,1.3
2024-06-08 19:00:00,1197.07809071794,1314.07845311368,90.625484256951,42.6212848870654,1126.46259757044,475.88990002438,23.7,46.2,0.0,199.8,1.4
2024-06-08 20:00:00,1329.95656159207,1366.44052155336,84.7018097404961,42.8103232446587,350.046200332563,271.452557361892,23.3,47.1,0.0,222.4,2.2
2024-06-08 21:00:00,1361.12780870481,1347.14696103283,58.1629371873576,11.0074814049896,179.6646579162,156.117115349349,22.9,49.6,0.0,155.6,0.3
2024-06-08 22:00:00,1152.60579577833,1223.43252753868,42.129197141042,7.04117908040358,3316.77933330978,170.331825233721,22.9,55.8,0.0,193.3,0.7
2024-06-08 23:00:00,1058.98294009547,1214.88981039333,26.8204781264975,9.45419138261715,6509.55175870019,312.027828571324,22.5,57.7,0.0,223.2,1.5
2024-06-09 00:00:00,970.434097416572,1189.58752586201,30.2637277169799,22.3533271140857,9267.99657560949,353.627776452583,22.2,59.1,0.0,223.3,1.7
2024-06-09 01:00:00,902.282626400684,1148.45011248087,78.5233373496529,113.966607050591,3092.99309693377,295.169701146875,22.6,59.3,0.0,238.5,2.1
2024-06-09 02:00:00,709.027990862114,838.923966579432,74.9010105538762,86.8371742396728,4100.63270969584,1138.61556413796,22.8,60.7,0.0,214.4,0.7
2024-06-09 03:00:00,493.804535380955,837.90559300878,54.6837031945481,48.2647892348669,2173.34198769831,134.260658524326,23.9,55.6,0.0,11.2,2.0
2024-06-09 04:00:00,357.745339643943,699.121405000221,29.5960119130066,33.3950931004791,2256.93747716358,565.470959926435,24.8,57.6,0.0,335.9,0.4
2024-06-09 05:00:00,432.437979656149,701.128753762074,24.3679769176869,19.8273151319236,2405.20497474931,484.708829562115,25.1,56.3,0.0,216.0,1.3
2024-06-09 06:00:00,582.850321779896,470.695658204122,28.2066045581422,17.7118385872765,5862.51247254317,1131.5587536945,24.3,58.5,0.0,246.7,2.8
2024-06-09 07:00:00,489.384804849034,596.401454753109,24.8649796704761,16.1184131146243,4111.6806217187,540.180002501531,25.0,57.0,0.0,62.3,1.3
2024-06-09 08:00:00,454.231587240081,554.330405846645,22.1553502415555,8.89704956114082,3090.46001792453,337.837572365312,26.7,51.3,0.0,72.5,1.2
2024-06-09 09:00:00,279.373029642823,730.530576070493,19.6195554651188,23.0513253735306,2869.37644157984,521.245719193007,26.0,54.6,0.0,356.9,0.8
2024-06-09 10:00:00,540.903233103389,845.834823618923,25.8882137537988,15.5761970243539,920.968461089297,184.148198432247,26.5,54.5,0.0,89.3,1.5
2024-06-09 11:00:00,691.114924415291,962.738833477764,34.7078699852103,20.9999283246574,5619.67337524588,127.295204414463,27.9,47.4,0.0,173.2,0.5
2024-06-09 12:00:00,724.037730281639,905.753307795311,49.8846938857541,35.4870404824451,741.15612264398,272.465162649464,28.0,41.7,0.0,85.8,2.7
2024-06-09 13:00:00,731.284179659207,857.986845082318,67.8615574527319,45.0169786830317,3047.35837299473,353.531459185973,26.8,49.1,0.0,72.8,1.7
2024-06-09 14:00:00,856.76329255137,897.869053646768,67.4251709731698,34.730001450622,1751.36441269812,406.787301090248,25.7,54.3,0.0,88.4,1.5
2024-06-09 15:00:00,771.742501970116,903.147458174506,47.1415526419733,31.0258829177247,2071.4280647662,460.910088202832,25.0,57.9,0.0,75.9,1.3
2024-06-09 16:00:00,905.614826041049,1059.7629052665,35.892523430581,5.9784102096472,308.564715443964,147.716271767516,24.4,59.5,0.0,190.1,1.9
2024-06-09 17:00:00,871.11149864621,1049.90875600574,41.2281075435954,12.8676643151301,168.778457964707,129.69897704603,24.8,46.1,0.0,318.9,0.9
2024-06-09 18:00:00,1039.52509978989,659.542690200138,30.8986102253968,1.90775834765102,751.996357082839,47.7817149777744,24.5,49.1,0.0,185.8,1.7
2024-06-09 19:00:00,886.973017474566,587.944917542083,36.1870011296224,8.01821254177328,4137.1510622674,121.444058264447,23.7,55.7,0.0,207.1,1.1
2024-06-09 20:00:00,2036.15873442343,1377.60851736153,143.738103950585,36.9819496672932,571.786406285336,138.123724911275,21.0,66.4,0.0,252.8,2.3
2024-06-09 21:00:00,1390.136566271,1194.29226759265,58.9184309851778,23.9271014727165,714.509658310605,249.72508846375,20.7,69.0,0.0,194.7,2.4
2024-06-09 22:00:00,946.447129667006,809.723179753739,35.5477617300148,26.0220062904481,784.179434495746,267.72962853858,20.3,76.9,0.0,254.1,2.8
2024-06-09 23:00:00,844.188544404329,888.19214957513,30.6109030057192,23.9046812922158,990.476001761733,296.36680800737,19.2,78.7,0.0,223.1,2.8
2024-06-10 00:00:00,732.708289026399,1010.14461844573,37.5038177746645,48.0154097198907,875.280919565143,350.120378605557,19.7,74.8,0.0,203.6,2.4
2024-06-10 01:00:00,665.174134923158,933.836547307803,95.734275318157,96.8423523705255,2924.3941385579,861.845926059867,21.3,65.8,0.0,243.3,2.3
2024-06-10 02:00:00,694.493500541505,750.398899045786,601.783666692156,684.825722288593,7199.86986147516,1218.73632063531,22.4,58.5,0.0,320.2,3.3
2024-06-10 03:00:00,469.268587508294,633.000549281288,236.975990613568,297.452621367344,25065.950209398,2386.47000740081,23.4,55.4,0.0,344.8,2.6
2024-06-10 04:00:00,428.878144397907,630.73799774587,131.504764258338,154.12349673229,17957.2791791342,1799.64671843201,25.0,53.7,0.0,243.1,1.1
2024-06-10 05:00:00,423.24213664551,605.878029340241,92.4427432729678,100.862475976685,22180.8671841698,1457.02048860483,25.4,53.6,0.0,345.4,2.7
2024-06-10 06:00:00,457.831385607265,559.059838339631,56.90365799388,62.4249723771992,15449.0280522576,1136.63146627705,27.2,47.8,0.0,284.1,1.2
2024-06-10 07:00:00,713.240267193226,533.171099486923,48.8012734571467,18.2842418063901,3843.59792848062,779.207522816684,28.2,44.6,0.0,92.9,1.5
2024-06-10 08:00:00,914.037413688877,884.274432886327,201.247657975672,206.928667854181,7227.65564585661,1473.21194206524,27.5,42.9,0.0,277.3,0.5
2024-06-10 09:00:00,,,,,,,29.3,32.9,0.0,195.7,2.4
2024-06-10 10:00:00,,,,,,,29.3,36.2,0.0,210.6,3.4
2024-06-10 11:00:00,,,,,,,28.3,38.4,0.0,185.6,3.3
2024-06-10 12:00:00,,,,,,,26.9,41.5,0.0,194.0,3.0
2024-06-10 13:00:00,,,,,,,25.8,42.8,0.0,190.2,2.5
2024-06-10 14:00:00,,,,,,,24.7,45.3,0.0,190.5,2.0
2024-06-10 15:00:00,,,,,,,23.7,44.1,0.0,197.5,3.0
2024-06-10 16:00:00,,,,,,,22.9,46.5,0.0,204.5,5.9
2024-06-10 17:00:00,,,,,,,22.5,47.6,0.0,176.2,2.7
2024-06-10 18:00:00,,,,,,,22.0,49.5,0.0,207.0,3.1
2024-06-10 19:00:00,,,,,,,21.7,44.4,0.0,202.4,3.5
2024-06-10 20:00:00,,,,,,,21.1,44.4,0.0,194.5,3.3
2024-06-10 21:00:00,,,,,,,20.8,45.8,0.0,212.2,2.5
2024-06-10 22:00:00,,,,,,,20.8,47.0,0.0,203.5,3.1
2024-06-10 23:00:00,,,,,,,20.6,47.8,0.0,177.8,2.2
2024-06-11 00:00:00,,,,,,,20.6,47.6,0.0,220.3,0.5
2024-06-11 01:00:00,,,,,,,22.3,42.9,0.0,194.9,1.0
2024-06-11 02:00:00,,,,,,,23.9,39.6,0.0,268.5,0.9
2024-06-11 03:00:00,,,,,,,24.4,35.8,0.0,195.3,0.8
2024-06-11 04:00:00,,,,,,,25.9,31.6,0.0,289.7,0.5
2024-06-11 05:00:00,,,,,,,26.7,30.4,0.0,326.4,2.3
2024-06-11 06:00:00,,,,,,,27.6,29.7,0.0,28.8,0.6
2024-06-11 07:00:00,,,,,,,27.6,29.4,0.0,331.0,0.7
2024-06-11 08:00:00,334.106616962069,561.882606551361,30.9216241578075,15.2578407211702,1962.25514803431,458.811308380427,27.0,35.5,0.0,69.4,2.1
2024-06-11 09:00:00,471.568049026291,603.516439711484,37.6958028946489,23.7474828958245,519.908274038483,379.614383134409,26.8,37.5,0.0,59.7,1.8
2024-06-11 10:00:00,459.121560618227,663.222800862653,49.76364488045,48.8048003879062,2400.38989575634,300.076202206011,27.3,34.9,0.0,270.9,0.6
2024-06-11 11:00:00,649.610618916271,586.901158759603,31.8362538145415,18.6394739325967,10770.6452159749,648.051958751003,24.9,53.5,0.0,47.6,4.5
2024-06-11 12:00:00,580.182278632779,729.434870801965,59.0205801475805,37.0110543380307,4424.6499835296,413.02030013234,23.6,59.5,0.0,69.4,1.4
2024-06-11 13:00:00,985.2577561551,1366.10036746755,104.649438933874,47.3655930842693,178.598874869804,144.901101180873,23.9,31.6,0.0,213.2,2.6
2024-06-11 14:00:00,811.589432819717,1502.44443388163,94.2744675357299,43.8049485662723,189.520232611069,158.926862557027,23.3,29.9,0.0,187.0,2.6
2024-06-11 15:00:00,763.642264158709,1315.81548914729,162.417269562514,68.0815915008558,497.432503876576,482.406931084849,23.1,29.0,0.0,154.8,1.6
2024-06-11 16:00:00,698.716452567363,1152.74574147201,160.575129432596,73.5321666052896,760.281827574431,787.888247122833,22.4,32.4,0.0,179.7,0.7
2024-06-11 17:00:00,618.553170021688,1105.24581487395,85.5006422487765,45.7201909655117,1021.88467046641,862.232041978975,21.4,37.1,0.0,189.1,1.6
2024-06-11 18:00:00,601.537675985052,1029.07517521202,70.8492528170613,52.3958402979066,1413.23349554778,1115.60169092526,19.8,44.2,0.0,342.4,1.8
2024-06-11 19:00:00,807.016214834539,1048.08591371489,67.0176537772158,28.0534758500446,1021.74955719822,907.593257095595,20.5,41.6,0.0,192.5,0.8
2024-06-11 20:00:00,811.25610280779,845.188579363642,65.0827834541604,48.1253309722035,2100.99734370379,1046.69980668056,19.1,53.4,0.0,238.3,2.6
2024-06-11 21:00:00,613.592351010417,814.799757216299,43.5477574483104,38.0541411934047,3150.0056788666,864.59649416612,17.4,70.4,0.0,238.5,1.1
2024-06-11 22:00:00,476.628988520202,788.032964821357,45.7980671199011,35.3258269455768,10209.5188700177,805.586469873604,16.9,78.7,0.0,216.8,1.3
2024-06-11 23:00:00,599.188223156308,597.419034161223,47.9323191481313,47.6061221296172,3413.21822888965,495.484726367578,20.0,56.9,0.0,303.5,2.3
2024-06-12 00:00:00,496.936538588146,665.880709235178,29.0551420993976,21.5080137148074,10016.4992208404,1119.7275081485,20.5,64.7,0.0,291.8,2.2
2024-06-12 01:00:00,466.298928111178,763.410936856071,45.3297729349613,38.2236379040074,2901.54985189552,254.506717168827,22.5,56.1,0.0,230.4,1.4
2024-06-12 02:00:00,398.690059573222,738.672500681276,107.942010575417,97.9619084289699,568.47946926746,273.70163532607,24.3,45.7,0.0,49.0,1.3
2024-06-12 03:00:00,484.681751687404,620.66170021853,140.746731308467,131.513340129002,650.126581649204,510.934601596585,25.4,40.9,0.0,31.2,0.8
2024-06-12 04:00:00,461.266276977185,632.872249931699,64.1902209989491,58.8754835637379,440.418671577366,376.013098939022,25.8,38.8,0.0,29.9,1.9
2024-06-12 05:00:00,698.900761721907,339.461484062293,37.7644332600004,13.4588055564478,537.445504826326,378.174522144817,26.7,37.3,0.0,67.2,2.0
2024-06-12 06:00:00,787.963252585632,99.643897429871,152.332039140072,120.867604971304,1257.47414562504,558.068215627452,26.2,42.0,0.01,303.9,0.5
2024-06-12 07:00:00,891.435606923964,737.578607708898,134.247626132412,138.942960971432,1370.28222737336,340.277862435446,19.9,70.4,0.0,70.3,1.8
2024-06-12 08:00:00,646.381990314609,833.564939827737,91.4243557530809,92.0424050133849,671.964621027775,230.360418587267,23.6,50.2,0.0,76.3,2.1
2024-06-12 09:00:00,431.5211585675,650.459923482282,27.7978124433117,14.6916151188838,14069.1372942556,646.162692656291,22.3,63.0,0.0,49.9,4.2
2024-06-12 10:00:00,558.099912213867,738.989635725697,22.0524606263292,10.1677193752882,11543.3595926876,380.946358809312,22.2,62.5,0.0,83.3,2.9
2024-06-12 11:00:00,546.894414689795,737.533667319069,41.5064544444151,33.7430945974562,1668.19563800176,320.986765546948,21.4,67.9,0.0,40.2,2.2
2024-06-12 12:00:00,351.220576511147,707.631702358674,56.9655106582127,58.8002366718322,1751.98814608187,398.578527572425,20.0,71.6,0.0,56.4,2.3
2024-06-12 13:00:00,570.30725528107,704.861138132787,31.8636641007636,35.6809981800081,3547.42245455121,516.424625907739,19.4,77.3,0.0,66.0,0.5
2024-06-12 14:00:00,736.906630140863,524.261771672953,63.859521211454,60.0492944005985,3755.75793017126,1178.63251079939,18.6,76.3,0.0,295.1,1.3
2024-06-12 15:00:00,768.350480682735,736.610988342915,37.9162111036289,22.5383650911107,531.50396112494,427.806415354063,17.5,75.6,0.0,331.7,1.0
2024-06-12 16:00:00,816.012036367489,931.08516020872,42.3699885182566,23.8773549970573,2023.942005986,550.500877982099,16.8,71.8,0.0,278.3,1.6
2024-06-12 17:00:00,821.395779624759,931.594816027019,49.7895056153255,29.7254672706072,846.135127984391,912.209007307114,17.1,67.4,0.0,244.5,0.7
2024-06-12 18:00:00,945.278882787222,1070.73703553954,57.1317729043322,25.1102896535303,443.701950452225,300.661078742318,16.8,68.3,0.0,304.0,1.4
2024-06-12 19:00:00,756.247769531639,1181.38350996219,54.2645931641129,31.8218017994049,496.690292393911,255.28249156122,15.8,73.9,0.0,296.5,0.7
2024-06-12 20:00:00,853.83791995059,1189.42466228949,32.8893666756998,13.8189487144733,561.005083701969,326.022064393972,16.0,72.2,0.0,225.7,0.4
2024-06-12 21:00:00,887.33962303722,1205.98809065223,32.6191681442071,13.6496796741401,712.89205537931,306.823392037032,16.1,71.7,0.0,179.7,0.9
2024-06-12 22:00:00,593.295024826756,1107.41114643942,37.0644679560016,28.1472235166021,1312.12384558325,568.514777822193,16.2,71.0,0.0,231.2,0.8
2024-06-12 23:00:00,716.027478233868,951.954546727941,37.2250107715276,34.1234080907847,1292.14716693218,831.415083857173,16.9,71.7,0.0,344.7,1.2
2024-06-18 00:00:00,440.694365722918,705.150393445731,370.420793952457,419.499992548249,4203.83971567718,2595.90431302593,25.6,38.1,0.0,310.1,1.0
2024-06-18 01:00:00,297.364078766675,528.635161291901,249.571177920766,306.325949515319,4302.90736944998,3597.40631950227,27.1,37.2,0.0,323.9,1.5
2024-06-18 02:00:00,264.22078062597,488.241301705531,86.9861983267483,105.612305164871,2776.9876214956,2020.23306295723,28.0,37.0,0.0,359.6,2.1
2024-06-18 03:00:00,226.587117320621,515.845295189352,101.251392137529,134.86243603192,2241.5209970599,1180.52148095844,29.2,34.1,0.0,83.9,0.5
2024-06-18 04:00:00,292.529879595481,490.700124570375,97.327095134154,122.939669904964,2495.25448944105,828.63897516017,30.8,31.7,0.0,13.3,1.4
2024-06-18 05:00:00,284.038168304435,517.937243614136,53.4876262760653,71.3798651823246,1570.99344487497,616.987564331691,31.8,29.2,0.0,42.7,1.8
2024-06-18 06:00:00,453.001370044041,589.479815908014,48.8225020069588,62.4101882894652,1494.60524543362,471.209945996909,32.4,28.5,0.0,41.0,1.3
2024-06-18 07:00:00,350.826637848979,552.443677637844,25.5458861748719,31.1280273459713,982.26661487886,369.214166784834,33.4,27.9,0.0,70.6,2.6
2024-06-18 08:00:00,317.420033522694,544.165737566538,16.6531748721785,9.25510491568432,469.250857021246,323.518184678737,32.9,28.1,0.0,15.6,3.2
2024-06-18 09:00:00,288.221056297226,504.073056509138,17.3921962654772,7.64181145415017,1360.3838294354,549.797750511626,32.7,31.4,0.0,64.9,2.1
2024-06-18 10:00:00,463.531668403508,742.56430409394,36.6539582917569,34.3170385993187,998.824994074684,686.578620427139,31.4,32.3,0.0,82.4,1.7
2024-06-18 11:00:00,596.768230131969,873.386817337798,52.1447047835583,36.0388686974304,211.901412103608,186.226212825261,29.8,35.2,0.0,78.6,1.2
2024-06-18 12:00:00,691.61121331642,801.574275809278,52.587144947659,24.4316420552708,172.210039387431,204.170603398869,28.3,36.9,0.0,82.6,1.8
2024-06-18 13:00:00,619.329567177777,802.146454963687,60.5053596440949,26.0730518538773,637.871406594727,296.583936233279,27.0,44.5,0.0,95.3,1.5
2024-06-18 14:00:00,895.701174889858,853.327177772394,59.815588274594,30.2571489425711,10756.1362803882,512.354872233883,25.7,51.2,0.0,325.9,0.4
2024-06-18 15:00:00,822.772016503256,882.282418379522,68.2688354520223,43.2463163111279,3636.25135248602,607.585994416451,24.6,57.9,0.0,87.1,1.3
2024-06-18 16:00:00,561.072485425721,977.71562845139,30.9648742614834,13.651285455676,1882.42015076218,467.971388897628,24.0,59.5,0.0,79.2,0.8
2024-06-18 17:00:00,484.958568067223,954.395923849379,40.5347935484948,37.9373100243428,2500.02429074756,683.916480717539,23.1,62.9,0.0,85.4,0.4
2024-06-18 18:00:00,659.471482021187,925.656611173078,37.0908727298875,33.5732830336185,2494.34289229031,667.944161914256,22.2,67.9,0.0,331.6,0.5
2024-06-18 19:00:00,1088.01868780717,1255.54845416323,44.0251974974832,9.76595713978131,1355.80592248138,119.882858844358,22.5,59.9,0.0,213.9,1.9
2024-06-18 20:00:00,900.246206685067,1288.94923767778,36.9760527662554,11.8141428341686,412.16752720635,140.594149519077,22.9,56.5,0.0,179.0,0.8
2024-06-18 21:00:00,600.2175117112,964.630725103266,159.306350062897,177.667330841797,5781.65497432113,1754.10832002478,22.6,56.9,0.0,317.3,0.4
2024-06-18 22:00:00,915.118986126963,1289.42022940951,94.2588148582511,92.9349729051807,3379.23787104289,1252.0744701474,21.5,65.0,0.0,187.8,0.6
2024-06-18 23:00:00,584.145658937193,1018.8213665107,129.253153493169,149.191013199607,13613.6674787323,511.998968685964,24.7,53.7,0.0,215.4,0.4
2024-06-19 00:00:00,570.833932051712,783.434062671692,61.118308357673,67.9585453327139,26380.6662147178,2378.3748090102,25.5,51.2,0.0,315.8,1.7
2024-06-19 01:00:00,559.310500175629,709.837589359787,80.1131920374971,91.9312681395679,36241.2735653768,2083.59637620434,26.6,49.7,0.0,345.1,1.7
2024-06-19 02:00:00,568.853094263852,629.989119048566,83.4144809259043,89.3797636175318,22669.3550512339,1786.79551254246,28.6,45.3,0.0,348.1,1.3
2024-06-19 03:00:00,629.041778954965,729.989508553621,122.209397974331,151.180312367518,2149.90263979093,1510.0297507876,29.3,41.5,0.0,223.1,2.5
2024-06-19 04:00:00,455.551328110505,775.824338876452,99.4663714824866,105.309231773597,2376.41858430602,790.126020420765,30.0,39.7,0.0,236.3,2.5
2024-06-19 05:00:00,663.41030108952,778.734828661013,158.222401469347,173.10720371778,1643.4033348475,786.105089709008,32.1,34.8,0.0,221.4,1.3
2024-06-19 06:00:00,484.292395344491,689.331591074937,101.997645476292,124.313707945417,1496.91074813016,855.292055186807,31.8,33.1,0.0,257.3,2.0
2024-06-19 07:00:00,576.898057492842,824.503635614733,60.4546887495369,46.3066236320713,648.249046386707,487.672275066187,32.1,34.2,0.0,216.8,1.4
2024-06-19 08:00:00,948.948249544483,971.942427287791,72.6212373076102,42.3865351605659,406.434551424392,386.047833577736,31.2,30.6,0.0,165.2,1.7
2024-06-19 09:00:00,654.486141666923,970.609605001637,86.4994028266069,83.910728355067,909.859365052287,652.270965537562,30.8,32.5,0.0,195.1,0.6
2024-06-19 10:00:00,208.511862641015,891.806121806705,157.213832826895,208.580011481318,1380.04745289171,1523.55944635272,29.8,35.1,0.0,216.3,1.0
2024-06-19 11:00:00,860.850603478041,1101.38221300873,68.4090557695285,38.4592703494576,854.010645436084,494.016442732771,29.2,39.6,0.0,184.6,1.6
2024-06-19 12:00:00,904.424078463393,1097.91556210362,73.8765764328118,30.833149413091,479.034957603232,473.892285004506,28.4,38.8,0.0,188.7,2.1
2024-06-19 13:00:00,983.990366738789,1149.36171505764,70.5544384990374,16.3685444471631,446.72348775813,277.467818616982,27.9,40.0,0.0,192.5,1.1
2024-06-19 14:00:00,1019.84694688179,1199.3346085191,59.2678726544689,15.426722681039,392.534454074976,271.116479439846,27.4,41.4,0.0,199.2,2.1
2024-06-19 15:00:00,849.658664399437,1300.64936411538,66.1089586952538,16.9930716765712,533.659407285178,272.894964876226,26.7,43.0,0.0,209.7,1.1
2024-06-19 16:00:00,1014.2538099906,1312.6071629261,66.4028609230284,11.1565411915257,293.520827776884,205.052965093655,26.2,44.3,0.0,207.9,1.3
2024-06-19 17:00:00,1079.37633846591,1362.61227641428,70.0511439527939,15.5352621347299,1086.77887780909,176.785218805683,26.1,43.2,0.0,203.8,1.7
2024-06-19 18:00:00,1035.42056008364,1257.72506594111,51.1532968617255,14.1208640366606,1000.16245635324,233.167992042902,25.1,49.6,0.0,213.3,2.1
2024-06-19 19:00:00,877.254576585622,1195.922344395,61.3438518324714,19.4939768897154,1148.88527191326,229.668241827763,25.2,52.0,0.0,211.3,2.5
2024-06-19 20:00:00,1019.06761421687,1106.84329933111,43.7572361370648,16.109203380509,2500.09348153798,216.69314195287,24.7,53.2,0.0,215.3,2.9
2024-06-19 21:00:00,942.006705661372,1147.30286052272,71.8585550147875,44.2412332190352,2948.20737789269,273.715304922094,24.9,53.1,0.0,210.0,2.8
2024-06-19 22:00:00,881.993588897946,1211.77455343388,88.1124742367784,52.6906600676646,555.072085685966,381.538998730351,24.3,52.8,0.0,191.1,2.4
2024-06-19 23:00:00,834.58410946367,1126.38391629396,92.3756417659296,70.008694777121,1512.77767926063,488.050126192282,25.6,49.7,0.0,197.5,2.2
2024-06-20 00:00:00,875.691910079214,1117.11479385203,66.5277038247454,57.9605591169302,7148.70286680761,547.641497367126,26.3,48.7,0.0,182.3,1.2
2024-06-20 01:00:00,655.834360040019,948.249017549956,45.0846568954199,28.2048237097899,5110.50959347024,306.376389268535,27.4,46.9,0.0,169.7,0.9
2024-06-20 02:00:00,619.860102555144,988.898086671748,44.5728918243042,45.4989771147322,11589.9302092744,637.979519369682,29.3,40.0,0.0,235.5,0.6
2024-06-20 03:00:00,581.986290212256,894.4539828855,81.8037864614765,100.585869739226,14868.528728836,1145.7480374615,28.2,48.9,0.0,276.4,1.4
2024-06-20 04:00:00,503.987420054934,787.090229103578,52.5591803036846,50.4869365449036,4498.7468795509,789.600356508933,29.7,43.1,0.0,270.5,0.5
2024-06-20 05:00:00,500.426269996904,752.383992555018,54.1174504355073,45.265457576014,18983.9420584364,419.386813901497,29.3,44.4,0.0,350.8,1.1
2024-06-20 06:00:00,494.141023340401,677.905113423699,100.426666914081,115.63096233276,1585.43333109305,1059.41857761481,30.4,43.7,0.0,350.0,1.2
2024-06-20 07:00:00,474.159792189308,735.755848467684,42.9033277669984,36.9967865676569,1676.15499379165,613.537700201774,31.3,40.3,0.0,276.0,0.5
2024-06-20 08:00:00,458.489506990958,678.370740102834,26.7088966713921,16.3650057205745,4686.99806575039,437.255547077474,31.6,39.0,0.0,296.9,0.8
2024-06-20 09:00:00,455.544134169631,701.025169675049,11.9286821347857,7.44720432551062,1140.39752193476,543.186301472684,31.1,39.2,0.0,331.0,2.2
2024-06-20 10:00:00,421.872344732268,674.228075573599,30.942328594391,25.5440140055045,1076.81638638562,392.129672068974,30.8,41.2,0.0,318.2,2.5
2024-06-20 11:00:00,367.144131880098,689.698833987575,70.3556540071141,60.8811771146952,3645.99015402638,478.892146107761,29.8,45.1,0.0,3.9,1.0
2024-06-20 12:00:00,487.147197925768,675.468600147949,48.4319420798034,23.6252333528013,4442.87887608083,472.391782432265,29.2,44.9,0.0,65.1,0.7
2024-06-20 13:00:00,440.448524118618,693.620226851925,32.4534380025118,8.97439014233599,13528.867341085,506.180888950052,28.4,49.1,0.0,158.4,0.6
2024-06-20 14:00:00,598.529080081547,748.296645222943,42.9618860823392,34.0131181799626,15020.5404726744,949.718530632513,27.5,53.3,0.0,293.4,0.6
2024-06-20 15:00:00,905.975946890894,988.641013091706,22.281592809682,14.2346077199455,3043.52110176329,615.286364481395,25.7,62.3,0.0,211.0,0.4
2024-06-20 16:00:00,886.357678501405,980.518375701062,22.3875703283176,21.2561685702164,15179.6625347977,497.709752518591,24.7,66.4,0.0,196.7,1.7
2024-06-20 17:00:00,1008.02041598504,980.744105339224,29.5343059663787,21.8142528673008,32880.7946644601,427.31054088214,24.6,66.7,0.0,219.6,3.0
2024-06-20 18:00:00,736.935059925244,863.967787340754,28.1294707683077,32.3959708952957,28669.7127908574,519.722338777636,24.2,66.1,0.0,218.6,2.4
2024-06-20 19:00:00,746.061710900281,886.874880605647,22.6555065866794,22.1628188448965,2700.32055930012,372.537903088234,23.9,66.3,0.0,229.0,2.7
2024-06-20 20:00:00,830.577619324331,968.012775489735,31.7425957450714,35.9833560243693,2230.33549616802,458.195645579618,23.9,65.8,0.0,220.8,3.4
2024-06-20 21:00:00,805.642242121697,1006.11399078136,29.8513614064762,35.6301868768989,2234.70040189891,525.365899757829,23.6,67.0,0.0,207.8,2.7
2024-06-20 22:00:00,914.405820028283,1069.39861484039,64.5130533252521,79.1568743876292,2475.42784465914,525.804423146472,24.2,63.8,0.0,218.0,2.8
2024-06-20 23:00:00,843.202542967049,1017.49826152423,58.3815490198038,55.4898539825955,1653.0289947557,532.836778794642,25.2,59.9,0.0,219.1,1.6
2024-06-21 00:00:00,869.918957864048,1095.24231201775,43.1262910752603,37.0461301405878,1550.84726360353,523.908618066864,26.9,54.3,0.0,342.7,0.2
2024-06-21 01:00:00,680.079159667988,875.164574033038,25.6076812899603,26.9265800698155,10214.6024141917,659.702227441081,27.8,51.4,0.0,292.0,0.5
2024-06-21 02:00:00,566.303193672925,727.187647365239,18.865845554359,20.5066434905117,2722.79481302805,594.047251771914,27.6,53.8,0.0,0.0,0.7
2024-06-21 03:00:00,513.633770774978,752.098735456686,22.7664537533817,18.8269686832298,2570.6695385693,272.005168028191,29.1,50.2,0.0,70.3,1.7
2024-06-21 04:00:00,441.956741052297,754.502686435955,19.7152659997259,24.6885865889988,740.400656324463,327.474529676453,29.3,50.8,0.0,50.6,1.2
2024-06-21 05:00:00,473.574624860272,669.001102473489,26.2953118949029,22.5517005979192,1113.8613626374,277.130675938224,29.2,50.2,0.0,61.0,1.2
2024-06-21 06:00:00,444.79221933669,639.572318620004,26.7545398854784,13.4195332890189,848.641426982585,322.645073413633,30.4,48.4,0.0,52.5,0.4
2024-06-21 07:00:00,620.945650554911,661.764712551656,33.8860284852991,22.7741336159866,3178.87133935052,215.612052149578,30.6,47.5,0.0,60.5,2.4
2024-06-21 08:00:00,541.05248198009,673.02374421422,34.4491847385801,29.1482606865756,6586.50917981352,202.703821781984,30.3,46.9,0.0,58.7,2.9
2024-06-21 09:00:00,544.586068582824,720.95501822941,31.5963369195617,17.7759159585096,4502.55616315564,154.15996838879,29.9,47.1,0.0,66.6,2.9
2024-06-21 10:00:00,799.305878253688,937.499901239887,33.6066348824701,14.4017509291538,928.143171979168,176.67082068219,29.9,50.1,0.0,79.7,1.1
2024-06-21 11:00:00,813.687708042384,881.153099890741,30.5366306921319,6.84539316030573,411.921887617845,175.909684523365,30.4,34.1,0.0,156.5,3.6
2024-06-21 12:00:00,700.948938433874,820.933274495131,58.8837333021997,17.2060821352923,253.681737915528,146.620719368012,28.5,39.0,0.0,197.9,2.4
2024-06-21 13:00:00,736.319213337286,773.896299019795,64.3214433582269,20.916425510655,514.222417284992,141.543714746515,27.0,47.1,0.0,195.8,2.4
2024-06-21 14:00:00,686.311354538992,883.108252521762,44.0737760595648,10.3166963032031,994.778914916246,93.7648496477583,26.4,48.8,0.0,188.6,4.9
2024-06-21 15:00:00,778.250918421794,822.100539363449,82.7043136431019,45.6659148572186,1192.59800326764,486.466949933622,25.7,45.2,0.0,176.6,0.9
2024-06-21 16:00:00,628.273537981052,952.104231524301,107.762625997097,66.0673896622021,733.855855812454,497.602993268436,23.2,45.1,0.0,314.3,1.6
2024-06-21 17:00:00,686.246147600663,757.002328006161,87.8714080514947,45.170021647201,953.694234851827,986.413082780811,22.7,42.2,0.0,225.2,1.9
2024-06-21 18:00:00,784.23844340001,963.659742316286,100.334606229868,24.6332661738047,508.500634377019,226.482458057241,22.4,45.6,0.0,209.9,2.3
2024-06-21 19:00:00,803.347829124598,1006.34083647631,79.9307173249954,17.7060605913766,161.33085127604,87.2375259551615,21.6,48.2,0.0,206.8,2.4
2024-06-21 20:00:00,766.797305377406,950.350622044594,54.4592820039703,9.04619476276588,185.79994387222,35.2505567579642,21.1,51.4,0.0,187.5,2.5
2024-06-21 21:00:00,741.96728347035,1115.99826205079,70.2118086870148,46.8051386068324,202.18149471151,139.13369407765,21.0,50.6,0.0,190.0,1.7
2024-06-21 22:00:00,753.61974043056,1045.31364510232,94.8796690034221,81.8848664453877,636.5771569247,377.159645694968,20.7,53.4,0.0,225.1,2.8
2024-06-21 23:00:00,478.283636712387,883.019293128539,181.003965578262,142.588603974971,591.615389439689,306.678998098543,22.1,47.9,0.0,203.2,3.3
2024-06-23 00:00:00,592.247257303491,832.254561739249,71.4487301346348,58.6036740369378,5519.99641622529,938.497764830194,17.9,82.7,0.02,181.7,0.3
2024-06-23 01:00:00,700.867737247025,847.242177714225,63.610866873086,78.6229565731161,1801.30119998669,1194.75501145004,18.7,80.2,0.0,237.1,0.5
2024-06-23 02:00:00,570.148600398162,503.717907159706,27.3856662247223,44.7285670777392,6169.05824733634,1133.87626834705,19.3,80.3,0.0,2.6,1.0
2024-06-23 03:00:00,623.922468266853,347.635918106152,96.7263652725605,55.3121888959926,6857.61092875546,873.848394686545,19.6,78.6,0.0,2.0,1.1
2024-06-23 04:00:00,705.128800888009,311.457737478001,33.0769979477079,37.9706230637962,1091.35822468108,354.966520382002,19.0,81.1,0.02,338.3,1.3
2024-06-23 05:00:00,783.086491697567,417.551649717596,31.8908214955375,28.948433213866,1131.92442322337,375.557159302817,19.9,76.1,0.0,331.7,1.7
2024-06-23 06:00:00,860.99877715422,404.942487627039,59.545074249227,59.4021713266838,645.48492838946,418.470962152259,19.6,78.6,0.0,338.1,1.3
2024-06-23 07:00:00,953.046629420267,817.924546150264,28.2263229959303,39.5023410919077,1367.10346292191,327.246451646779,19.6,78.5,0.0,281.0,0.7
2024-06-23 08:00:00,565.719321790314,515.916750832898,30.0233323577207,39.1552162484926,3015.81474997666,1312.25352698089,20.0,75.0,0.0,307.6,2.1
2024-06-23 09:00:00,623.121436059913,790.859757934132,61.5457798579752,54.2444614103556,6818.30990876449,404.958421700713,21.5,67.9,0.0,333.4,2.7
2024-06-23 10:00:00,769.86478307174,781.462864843536,74.0453799399809,67.4618534719515,12790.5196549802,746.048021658727,21.2,65.7,0.0,312.1,1.8
2024-06-23 11:00:00,515.578502794128,686.001821378982,54.2704203165273,57.4062996740115,10065.1541314196,630.547583222655,20.8,67.5,0.0,287.9,1.7
2024-06-23 12:00:00,568.317356985697,561.168941946708,74.5199859312725,76.1554608569579,2269.6288627664,765.495047517431,20.7,71.0,0.0,239.0,1.9
2024-06-23 13:00:00,502.501654488986,428.233910139931,90.2305130648138,112.123876101949,6980.89479336794,1690.32499707339,20.1,77.5,0.0,302.4,2.4
2024-06-23 14:00:00,618.704660952097,566.058133657003,55.4274988357481,54.6013455468328,1842.83404721719,897.855097995191,20.0,75.3,0.0,239.3,3.2
2024-06-23 15:00:00,651.513472961599,628.042582783741,55.5546518506355,49.2871756074309,1398.85597891719,569.868148967953,19.5,77.5,0.0,232.7,2.4
2024-06-23 16:00:00,670.019047512606,542.886330741792,61.5408685649461,55.3686260387687,2573.45684416398,566.453543597161,19.2,77.4,0.0,241.9,3.3
2024-06-23 17:00:00,727.835780109767,547.203994132339,151.542609211903,122.662477170974,31168.8951834511,469.201639970022,19.2,75.2,0.0,242.4,2.7
2024-06-23 18:00:00,637.433669423395,667.773402369991,59.950528333947,30.0781108450091,13439.0385153113,469.596165726283,19.2,73.5,0.0,236.9,2.2
2024-06-23 19:00:00,963.881744895768,858.970971301343,94.9402809292549,48.9276276839443,2961.57642819172,492.702112049491,18.1,79.8,0.08,242.2,2.1
2024-06-23 20:00:00,902.219737634089,709.293201474147,62.0381105029011,41.0617630472068,3633.77584204536,596.86788261928,17.9,81.4,0.0,215.2,2.4
2024-06-23 21:00:00,797.45245781769,451.851917447725,107.827843827315,86.9329769434379,2474.91737008772,702.257496560823,17.7,82.2,0.0,231.2,2.5
2024-06-23 22:00:00,566.55857643555,277.154126110956,109.015898963394,98.0592768469954,5427.17985732581,981.71156252396,17.9,81.1,0.0,234.1,3.2
2024-06-23 23:00:00,573.79382189383,258.622403591053,184.827957721602,177.063801388044,3115.59256784528,1098.21876621124,18.0,80.5,0.0,238.4,2.8
2024-06-24 00:00:00,456.336743371382,334.277846493166,85.3878630909759,104.552360061527,3463.24539584267,1217.96497830804,18.4,80.3,0.0,239.8,2.1
2024-06-24 01:00:00,505.318550967577,448.795136502458,54.9926858707919,64.4047186478115,2382.93541977233,1296.43149657869,19.7,75.2,0.0,226.6,3.3
2024-06-24 02:00:00,510.594038277363,507.039867070149,102.738118548489,90.3878426499597,2936.38542264418,1116.51951794078,20.0,75.3,0.0,233.0,2.9
2024-06-24 03:00:00,552.249443383288,404.817050314334,32.5197737130078,38.2529989117146,2200.70050073993,892.895046501246,19.9,77.7,0.0,222.0,3.5
2024-06-24 04:00:00,489.969731072601,174.784460460792,32.1117187231985,33.4722250187714,1765.14825830771,755.615505196592,20.6,76.3,0.0,215.9,4.1
2024-06-24 05:00:00,581.202939973662,488.296106517984,71.6073182102725,62.487836552835,1821.6544426139,683.86275756457,20.1,79.6,0.0,229.6,3.3
2024-06-24 06:00:00,541.808165738246,503.961434472653,46.9084603315685,72.6980692289497,4308.73702994705,1281.12159829002,20.8,77.3,0.0,220.4,1.8
2024-06-24 07:00:00,580.150758563344,537.160384988899,73.21354097652,53.6838075745316,3982.9930458342,1023.17146151883,21.1,78.2,0.0,164.0,0.4
2024-06-24 08:00:00,1318.44741524257,1272.08023425401,156.692071917875,145.573970107132,23269.7230583002,487.488252735468,19.8,74.1,0.0,201.9,2.2
2024-06-24 09:00:00,1073.24463284576,1025.57277322747,233.344359892733,237.982855512732,30341.3527403767,1527.42073970753,19.3,74.2,0.0,232.1,2.0
2024-06-24 10:00:00,826.285357658267,843.123907213351,294.656840910111,306.830408085826,24623.5893952763,1692.20258256361,19.2,76.7,0.0,215.0,3.9
2024-06-24 11:00:00,621.228320475523,515.313726570935,388.205315146694,405.148932218,18085.2865193421,3194.78276251485,19.1,75.3,0.0,239.3,1.5
2024-06-24 12:00:00,372.229762189957,368.062600643735,141.821866549844,131.595117627622,32832.3394874308,2556.85420960045,19.1,76.2,0.0,227.3,1.4
2024-06-24 13:00:00,567.067807937648,418.657049039705,81.2371694537915,60.1922944289142,10344.000563211,1846.07112995627,18.6,79.2,0.0,250.6,1.6
2024-06-24 14:00:00,687.660228886625,367.936849917122,77.6367294790154,81.0210651358015,4801.3175504629,1610.02942207392,18.3,81.8,0.0,247.7,1.9
2024-06-24 15:00:00,401.58843834435,163.332678394372,91.3907678540522,87.3900761263614,6884.57983923002,1731.23277720028,18.4,82.6,0.0,253.2,2.7
2024-06-24 16:00:00,515.202001878375,322.909792202604,116.763612169205,124.033602745364,2323.23327573377,1399.80845234748,18.4,83.1,0.61,286.3,2.8
2024-06-24 17:00:00,1019.92657149646,920.368766710092,74.6971569593041,63.532912930546,4360.94870651437,734.642963470053,18.0,84.5,0.0,237.9,1.8
2024-06-24 18:00:00,684.070367404115,202.23749344386,29.9181470926669,36.6784162777001,2436.1833280889,609.439092185769,17.7,85.5,0.0,295.4,2.4
2024-06-24 19:00:00,588.283799160009,154.604682627619,58.6605551116661,63.350559723055,1968.09833205675,737.66714181691,17.5,85.5,0.01,215.6,2.3
2024-06-24 20:00:00,592.564189019624,379.744462557083,73.0212480752651,71.564792106022,2402.08594627385,916.188471710673,17.5,85.8,0.0,234.8,3.7
2024-06-24 21:00:00,598.849534139387,217.998421914136,79.4998972728601,84.0505253866546,3889.60499843854,1046.45081864482,17.8,84.5,0.0,244.1,1.1
2024-06-24 22:00:00,561.466408804871,320.869026928137,138.153796926637,136.078390370381,3956.95766439114,1209.33063849154,18.0,84.1,0.0,200.9,3.0
2024-06-24 23:00:00,686.539662676422,520.833362304652,174.434332050717,174.876258498924,3279.13188847632,1066.99793892055,18.6,81.8,0.0,254.0,1.6
2024-06-25 00:00:00,793.610276213999,785.845736016117,444.257004158197,455.657871255523,2061.20326248209,1584.21185828656,19.0,76.7,0.0,226.2,4.3
2024-06-25 01:00:00,502.383288154534,527.429513826748,309.15095751737,278.972493510946,6117.67229905803,2311.85297841464,19.8,73.6,0.0,241.3,3.4
2024-06-25 02:00:00,402.885986444756,634.64954260483,137.072518700936,142.090294728318,2761.94680126457,1958.1061135254,20.9,69.1,0.0,229.8,2.2
2024-06-25 03:00:00,593.764387840681,647.772635748754,46.1862059597849,41.4792846192304,2442.88265686732,804.485322204844,21.9,67.0,0.0,295.0,4.2
2024-06-25 04:00:00,654.416185870745,616.993598664928,29.051755037707,19.0439518634119,20071.4005714554,343.046930448907,22.0,67.8,0.0,288.9,4.0
2024-06-25 05:00:00,533.323404715951,709.724290831908,24.1656656992111,17.4172182659022,779.503151608582,307.841628644254,21.8,68.9,0.0,296.3,3.3
2024-06-25 06:00:00,603.829086644432,604.072156263343,19.4446767984348,20.1394343425106,1108.42193781087,517.448252800553,23.2,64.1,0.0,286.3,2.7
2024-06-25 07:00:00,756.951565023457,119.255463870556,57.4654306254863,37.1133972063918,1780.69777274141,542.880449089413,23.8,63.9,0.0,239.9,2.3
2024-06-25 08:00:00,414.151781735157,618.771664181861,93.5991084339191,83.9007724747671,2581.43454276211,1024.6295225342,22.4,68.9,0.0,258.3,1.1
2024-06-25 09:00:00,637.677527560627,637.403026514033,59.1207366179315,53.3593712356848,6672.88736085406,683.857986951349,22.7,66.9,0.0,222.0,3.2
2024-06-25 10:00:00,570.8373727448,713.029797782951,99.6860664087202,99.2295506644225,3128.35927700893,1698.6617204162,22.1,68.4,0.0,250.9,2.7
2024-06-25 11:00:00,468.471862371164,675.434915655054,121.851412337108,125.0687124401,4963.5197655097,2640.04826856775,22.0,61.9,0.0,285.5,1.5
2024-06-25 12:00:00,422.870068456407,629.027615357767,172.312734927516,188.637836582768,3159.42652926069,3055.67969128605,20.6,65.1,0.0,246.5,1.2
2024-06-25 13:00:00,279.564163211054,638.088313762779,77.2182228401563,53.3009438753344,3561.81887258237,2147.31678588651,20.0,67.5,0.0,267.3,0.6
2024-06-25 14:00:00,254.540722212176,531.056755800838,50.8357949642769,31.1585976767136,4026.79500950689,1666.48421462247,19.1,72.8,0.0,232.9,0.8
2024-06-25 15:00:00,335.45898046595,665.603408611005,26.9448141950206,13.6218098801968,27856.1450828628,1087.72060526475,19.1,75.0,0.0,189.1,1.1
2024-06-25 16:00:00,618.079687463312,922.46575422268,45.5556921182772,26.7331778679621,5144.14160144174,691.145832637359,19.0,76.9,0.0,238.4,1.8
2024-06-25 17:00:00,631.281565449124,1010.83760919256,60.7960735749477,33.1888978998757,8657.5254215142,653.052138675478,19.3,74.2,0.0,213.2,1.4
2024-06-25 18:00:00,733.85437303823,971.985750884475,54.664446022509,25.798003630169,21206.308984561,639.383581635423,18.4,79.1,0.0,227.0,1.0
2024-06-25 19:00:00,920.008845301417,1176.88868785135,67.9603321798507,24.482192496419,707.213074383679,430.044090501265,18.5,77.7,0.0,224.0,1.2
2024-06-25 20:00:00,975.704872942523,1314.47924935911,67.7588016890864,30.8805803597364,2192.79382489111,466.715879091501,18.2,76.4,0.0,193.0,1.0
2024-06-25 21:00:00,898.293338259598,1212.86173200673,92.202929419281,66.6209233692407,1366.49540206994,514.804559682124,18.2,76.4,0.0,200.3,2.2
2024-06-25 22:00:00,684.614562982275,1155.47456485947,79.2379526655404,77.2565457802893,6055.48788084225,580.587659586613,18.6,73.4,0.0,206.0,0.5
2024-06-25 23:00:00,475.233231800116,744.028159103614,80.2194602332084,70.5007845713669,28489.2241155076,2077.07716746134,19.3,72.1,0.0,253.4,0.8
2024-06-26 00:00:00,563.523953794174,682.873965750207,112.010020476527,96.3544861116904,13428.6362461461,675.45195092194,20.9,68.1,0.0,214.1,0.5
2024-06-26 01:00:00,453.541565482819,672.46211244129,83.6419279105168,62.6175258464393,3699.95018125052,279.890916159429,21.9,63.6,0.0,297.4,2.6
2024-06-26 02:00:00,410.967154437553,718.573400702364,42.2819609881234,21.2690219165477,182.411027587143,103.46310974039,22.5,61.0,0.0,359.8,1.8
2024-06-26 03:00:00,492.282856577304,710.03975810823,95.6146086996343,80.2623577587753,675.099410245181,753.884580734568,24.9,52.1,0.0,335.1,2.4
2024-06-26 04:00:00,585.898712598187,731.64954711449,55.4638829268978,47.8389514681928,1177.39467156725,430.09972168347,25.5,49.8,0.0,358.3,1.7
2024-06-26 05:00:00,636.726107573598,374.096187958388,42.8016571356482,19.110664627034,628.436924347737,493.869120046877,25.8,48.4,0.0,354.5,1.8
2024-06-26 06:00:00,819.235591358792,161.403414474311,61.7784348061562,12.7801751927685,877.766259212203,462.442514457299,26.1,49.7,0.0,12.7,2.3
2024-06-26 07:00:00,780.385843408044,578.80623342584,62.6761122637744,34.1994669781369,715.769486841812,396.397004852847,27.1,45.2,0.0,5.0,1.2
2024-06-26 08:00:00,1095.36255195155,334.023955182763,53.7742359679373,15.9513224068866,977.827564740797,131.665629057955,23.8,53.5,0.0,209.6,3.4
2024-06-26 09:00:00,1428.78566084117,86.9842526870918,92.3316910205469,14.3577005860091,2876.7146366849,210.964084134338,21.3,62.8,0.0,201.9,2.1
2024-06-26 10:00:00,1047.76554018549,1160.35076471528,72.5285501343952,33.540684793807,4404.23448301847,335.922022967197,22.0,61.9,0.0,174.9,1.1
2024-06-26 11:00:00,905.407986656004,1077.98783044298,69.3297407041453,37.0290422298961,1584.67827443818,373.171770124658,23.1,57.8,0.0,183.0,1.8
2024-06-26 12:00:00,884.245195446439,1063.92235970487,88.1022805483936,24.8281706486692,1517.65954227967,453.048320408938,22.5,60.5,0.0,202.7,3.4
2024-06-26 13:00:00,857.834842318341,1053.4018590891,79.864796025587,18.9863078549325,451.474303486813,293.846510296324,21.9,63.9,0.0,200.7,2.7
2024-06-26 14:00:00,915.245307080886,1062.44379672121,68.8508489527789,16.6537887035462,712.002411383235,307.96157179871,21.3,66.3,0.0,192.1,2.5
2024-06-26 15:00:00,973.784938329714,1114.52845214379,68.0628096524454,22.070560653731,389.144186055611,275.12697639375,21.0,65.9,0.0,186.5,2.7
2024-06-26 16:00:00,1059.31476224476,1198.61254940141,79.6457745998579,19.8209168293975,221.668555443908,205.172414234864,20.5,63.7,0.0,192.0,3.0
2024-06-26 17:00:00,1227.49760991243,1316.11637041491,72.1599568037295,26.6869193039265,369.289391681376,192.517790242016,20.4,62.5,0.0,186.6,2.2
2024-06-26 18:00:00,1091.78457751737,1168.10599364528,78.6663331808388,13.9396562933083,661.996469626386,181.289164134672,20.1,62.6,0.0,194.8,2.6
2024-06-26 19:00:00,1157.64900438826,1241.74513005285,64.5437118737612,9.77366903182462,93.6631208279322,128.577840288343,19.9,62.7,0.0,202.9,3.0
2024-06-26 20:00:00,1115.97550990194,1272.79898586323,58.9709278533945,11.4130627895624,278.275854579471,99.5070355175577,19.8,63.7,0.0,189.9,1.7
2024-06-26 21:00:00,1034.97162410977,1191.32866093887,61.4635057764869,24.8291879259965,754.173626313269,148.246703215284,19.8,63.8,0.0,195.8,1.4
2024-06-26 22:00:00,928.244686377501,1168.24780525794,98.2762404123317,53.6240393813043,360.083857606443,317.001719308512,20.6,61.4,0.0,174.9,1.6
2024-06-26 23:00:00,782.848335056546,1075.61973962061,113.027684403849,74.9455656497484,599.36126027159,449.861934501296,22.1,57.6,0.0,183.2,2.3
2024-06-27 00:00:00,744.150478051735,1081.79563224087,144.890578360131,121.752431165447,1092.85285751455,341.99364591785,24.6,50.4,0.0,195.1,1.4
2024-06-27 01:00:00,787.059110419049,1067.91459380107,129.164040933378,110.965167502585,2039.91177828332,263.804151587044,26.0,47.8,0.0,202.4,1.8
2024-06-27 02:00:00,,,,,,,27.7,44.7,0.0,245.0,1.5
2024-06-27 03:00:00,192.1355846346,5131.27777983011,91.6889667770361,28058.0079091812,10999.0772525324,1088.29916894674,28.5,39.9,0.0,245.7,2.2
2024-06-27 04:00:00,576.644564406584,675.078427221542,94.5282887193841,186.059798012399,96688.5030032871,1171.80798974227,30.0,37.2,0.0,318.9,1.8
2024-06-27 05:00:00,583.462178080325,720.939537316288,69.9194281922327,16.1290772343947,17861.2901873862,820.944739435141,30.5,36.9,0.0,10.7,1.5
2024-06-27 06:00:00,849.167576677572,843.153919815745,81.9363586402442,43.2614380805818,13215.2981291803,879.642042085003,30.7,37.0,0.0,292.1,1.7
2024-06-27 07:00:00,559.001345626399,655.658427269609,35.5113248086785,5.27501355623218,633.812930647647,460.414988231596,31.7,34.8,0.0,274.9,1.1
2024-06-27 08:00:00,729.515450736953,858.653432031621,49.2604332812123,6.96063295659847,522.329410608863,331.679997438158,31.8,32.1,0.0,214.7,2.0
2024-06-27 09:00:00,1305.13303179837,1216.18551690332,56.2812967520269,4.14428286742083,314.248468595346,150.429304579338,32.0,38.4,0.0,213.0,3.6
2024-06-27 10:00:00,1159.84188066737,1244.18579035557,67.7509362536194,4.25793580032064,343.478983079614,208.462306719962,30.5,44.6,0.0,213.9,1.3
2024-06-27 11:00:00,981.434899650214,1033.63802725792,66.1827573040132,2.3274737131456,446.898717993019,314.971827215244,29.2,46.6,0.0,192.7,3.1
2024-06-27 12:00:00,900.039393377475,1088.5157889513,52.8598040325812,2.81222522023215,466.50914110599,290.662135311706,27.4,46.6,0.0,185.2,3.1
2024-06-27 13:00:00,1070.43033948904,1206.58477657985,55.3117654773883,4.64933960498962,373.604948395413,218.556559617398,26.5,46.6,0.0,191.6,2.9
2024-06-27 14:00:00,1229.00718710929,1360.85319421996,54.669799249704,3.90930286149194,272.251066090204,151.198281829305,25.8,47.0,0.0,198.5,3.0
2024-06-27 15:00:00,1364.8099247798,1433.10483518408,60.1986604076278,2.69256964099814,233.391948603611,90.0476157287202,25.3,47.0,0.0,201.6,4.4
2024-06-27 16:00:00,1541.93838016283,1545.71229702724,54.1579399050913,-0.251282358933841,180.604479099105,56.7868531485171,24.8,48.4,0.0,179.1,3.1
2024-06-27 17:00:00,1605.98065693404,1404.01920230545,61.0082647772325,0.573894466779248,191.953622147072,71.730434655059,24.5,49.5,0.0,195.9,4.4
2024-06-27 18:00:00,1660.47967768956,1545.5088156698,80.583249796368,2.02219008904944,199.750047210808,55.1471147258837,23.7,51.6,0.0,194.7,1.8
2024-06-27 19:00:00,1752.75899314683,1513.96549836155,81.3876062075537,4.02281450029289,254.788453363362,110.918762258127,23.4,52.8,0.0,194.1,1.4
2024-06-27 20:00:00,1770.68619582567,1598.3805757249,78.4432201628014,3.35195227771117,241.458579713054,92.3109053120139,22.9,54.2,0.0,189.7,3.1
2024-06-27 21:00:00,1740.95547987795,1550.8918998952,112.862548670923,10.4747644822116,341.969029636563,176.442244687851,22.7,55.0,0.0,198.9,2.8
2024-06-27 22:00:00,1525.60782960932,1428.0228192672,183.168296798628,68.9254708406198,490.615117809932,273.496630442941,23.4,55.7,0.0,181.9,1.3
2024-06-27 23:00:00,1095.12572117899,1187.68470940937,271.612392122394,190.499691333642,940.466195074021,729.505926320902,25.0,52.4,0.0,214.5,3.0
